	crop	mask
0	"[[[190 190 190]
  [190 190 190]
  [190 190 190]
  ...
  [190 190 190]
  [190 190 190]
  [190 190 190]]

 [[190 190 190]
  [190 190 190]
  [190 190 190]
  ...
  [190 190 190]
  [190 190 190]
  [190 190 190]]

 [[190 190 190]
  [190 190 190]
  [190 190 190]
  ...
  [190 190 190]
  [190 190 190]
  [190 190 190]]

 ...

 [[190 190 190]
  [190 190 190]
  [190 190 190]
  ...
  [190 190 190]
  [190 190 190]
  [190 190 190]]

 [[190 190 190]
  [190 190 190]
  [190 190 190]
  ...
  [190 190 190]
  [190 190 190]
  [190 190 190]]

 [[190 190 190]
  [190 190 190]
  [190 190 190]
  ...
  [190 190 190]
  [190 190 190]
  [190 190 190]]]"	"[[0 0 0 ... 0 0 0]
 [0 0 0 ... 0 0 0]
 [0 0 0 ... 0 0 0]
 ...
 [0 0 0 ... 0 0 0]
 [0 0 0 ... 0 0 0]
 [0 0 0 ... 0 0 0]]"
1	"[[[190 190 190]
  [190 190 190]
  [190 190 190]
  ...
  [190 190 190]
  [190 190 190]
  [190 190 190]]

 [[190 190 190]
  [190 190 190]
  [190 190 190]
  ...
  [190 190 190]
  [190 190 190]
  [190 190 190]]

 [[190 190 190]
  [190 190 190]
  [190 190 190]
  ...
  [190 190 190]
  [190 190 190]
  [190 190 190]]

 ...

 [[190 190 190]
  [190 190 190]
  [190 190 190]
  ...
  [190 190 190]
  [190 190 190]
  [190 190 190]]

 [[190 190 190]
  [190 190 190]
  [190 190 190]
  ...
  [190 190 190]
  [190 190 190]
  [190 190 190]]

 [[190 190 190]
  [190 190 190]
  [190 190 190]
  ...
  [190 190 190]
  [190 190 190]
  [190 190 190]]]"	"[[0 0 0 ... 0 0 0]
 [0 0 0 ... 0 0 0]
 [0 0 0 ... 0 0 0]
 ...
 [0 0 0 ... 0 0 0]
 [0 0 0 ... 0 0 0]
 [0 0 0 ... 0 0 0]]"
2	"[[[190 190 190]
  [190 190 190]
  [190 190 190]
  ...
  [190 190 190]
  [190 190 190]
  [190 190 190]]

 [[190 190 190]
  [190 190 190]
  [190 190 190]
  ...
  [190 190 190]
  [190 190 190]
  [190 190 190]]

 [[190 190 190]
  [190 190 190]
  [190 190 190]
  ...
  [190 190 190]
  [190 190 190]
  [190 190 190]]

 ...

 [[190 190 190]
  [190 190 190]
  [190 190 190]
  ...
  [190 190 190]
  [190 190 190]
  [190 190 190]]

 [[190 190 190]
  [190 190 190]
  [190 190 190]
  ...
  [190 190 190]
  [190 190 190]
  [190 190 190]]

 [[190 190 190]
  [190 190 190]
  [190 190 190]
  ...
  [190 190 190]
  [190 190 190]
  [190 190 190]]]"	"[[0 0 0 ... 0 0 0]
 [0 0 0 ... 0 0 0]
 [0 0 0 ... 0 0 0]
 ...
 [0 0 0 ... 0 0 0]
 [0 0 0 ... 0 0 0]
 [0 0 0 ... 0 0 0]]"
3	"[[[190 190 190]
  [190 190 190]
  [190 190 190]
  ...
  [190 190 190]
  [190 190 190]
  [190 190 190]]

 [[190 190 190]
  [190 190 190]
  [190 190 190]
  ...
  [190 190 190]
  [190 190 190]
  [190 190 190]]

 [[190 190 190]
  [190 190 190]
  [190 190 190]
  ...
  [190 190 190]
  [190 190 190]
  [190 190 190]]

 ...

 [[190 190 190]
  [190 190 190]
  [190 190 190]
  ...
  [190 190 190]
  [190 190 190]
  [190 190 190]]

 [[190 190 190]
  [190 190 190]
  [190 190 190]
  ...
  [190 190 190]
  [190 190 190]
  [190 190 190]]

 [[190 190 190]
  [190 190 190]
  [190 190 190]
  ...
  [190 190 190]
  [190 190 190]
  [190 190 190]]]"	"[[0 0 0 ... 0 0 0]
 [0 0 0 ... 0 0 0]
 [0 0 0 ... 0 0 0]
 ...
 [0 0 0 ... 0 0 0]
 [0 0 0 ... 0 0 0]
 [0 0 0 ... 0 0 0]]"
4	"[[[190 190 190]
  [190 190 190]
  [190 190 190]
  ...
  [190 190 190]
  [190 190 190]
  [190 190 190]]

 [[190 190 190]
  [190 190 190]
  [190 190 190]
  ...
  [190 190 190]
  [190 190 190]
  [190 190 190]]

 [[190 190 190]
  [190 190 190]
  [190 190 190]
  ...
  [190 190 190]
  [190 190 190]
  [190 190 190]]

 ...

 [[190 190 190]
  [190 190 190]
  [190 190 190]
  ...
  [190 190 190]
  [190 190 190]
  [190 190 190]]

 [[190 190 190]
  [190 190 190]
  [190 190 190]
  ...
  [190 190 190]
  [190 190 190]
  [190 190 190]]

 [[190 190 190]
  [190 190 190]
  [190 190 190]
  ...
  [190 190 190]
  [190 190 190]
  [190 190 190]]]"	"[[0 0 0 ... 0 0 0]
 [0 0 0 ... 0 0 0]
 [0 0 0 ... 0 0 0]
 ...
 [0 0 0 ... 0 0 0]
 [0 0 0 ... 0 0 0]
 [0 0 0 ... 0 0 0]]"
5	"[[[190 190 190]
  [190 190 190]
  [190 190 190]
  ...
  [190 190 190]
  [190 190 190]
  [190 190 190]]

 [[190 190 190]
  [190 190 190]
  [190 190 190]
  ...
  [190 190 190]
  [190 190 190]
  [190 190 190]]

 [[190 190 190]
  [190 190 190]
  [190 190 190]
  ...
  [190 190 190]
  [190 190 190]
  [190 190 190]]

 ...

 [[190 190 190]
  [190 190 190]
  [190 190 190]
  ...
  [190 190 190]
  [190 190 190]
  [190 190 190]]

 [[190 190 190]
  [190 190 190]
  [190 190 190]
  ...
  [190 190 190]
  [190 190 190]
  [190 190 190]]

 [[190 190 190]
  [190 190 190]
  [190 190 190]
  ...
  [190 190 190]
  [190 190 190]
  [190 190 190]]]"	"[[0 0 0 ... 0 0 0]
 [0 0 0 ... 0 0 0]
 [0 0 0 ... 0 0 0]
 ...
 [0 0 0 ... 0 0 0]
 [0 0 0 ... 0 0 0]
 [0 0 0 ... 0 0 0]]"
6	"[[[190 190 190]
  [190 190 190]
  [190 190 190]
  ...
  [190 190 190]
  [190 190 190]
  [190 190 190]]

 [[190 190 190]
  [190 190 190]
  [190 190 190]
  ...
  [190 190 190]
  [190 190 190]
  [190 190 190]]

 [[190 190 190]
  [190 190 190]
  [190 190 190]
  ...
  [190 190 190]
  [190 190 190]
  [190 190 190]]

 ...

 [[190 190 190]
  [190 190 190]
  [190 190 190]
  ...
  [190 190 190]
  [190 190 190]
  [190 190 190]]

 [[190 190 190]
  [190 190 190]
  [190 190 190]
  ...
  [190 190 190]
  [190 190 190]
  [190 190 190]]

 [[190 190 190]
  [190 190 190]
  [190 190 190]
  ...
  [190 190 190]
  [190 190 190]
  [190 190 190]]]"	"[[0 0 0 ... 0 0 0]
 [0 0 0 ... 0 0 0]
 [0 0 0 ... 0 0 0]
 ...
 [0 0 0 ... 0 0 0]
 [0 0 0 ... 0 0 0]
 [0 0 0 ... 0 0 0]]"
7	"[[[190 190 190]
  [190 190 190]
  [190 190 190]
  ...
  [190 190 190]
  [190 190 190]
  [190 190 190]]

 [[190 190 190]
  [190 190 190]
  [190 190 190]
  ...
  [190 190 190]
  [190 190 190]
  [190 190 190]]

 [[190 190 190]
  [190 190 190]
  [190 190 190]
  ...
  [190 190 190]
  [190 190 190]
  [190 190 190]]

 ...

 [[190 190 190]
  [190 190 190]
  [190 190 190]
  ...
  [190 190 190]
  [190 190 190]
  [190 190 190]]

 [[190 190 190]
  [190 190 190]
  [190 190 190]
  ...
  [190 190 190]
  [190 190 190]
  [190 190 190]]

 [[190 190 190]
  [190 190 190]
  [190 190 190]
  ...
  [190 190 190]
  [190 190 190]
  [190 190 190]]]"	"[[0 0 0 ... 0 0 0]
 [0 0 0 ... 0 0 0]
 [0 0 0 ... 0 0 0]
 ...
 [0 0 0 ... 0 0 0]
 [0 0 0 ... 0 0 0]
 [0 0 0 ... 0 0 0]]"
8	"[[[190 190 190]
  [190 190 190]
  [190 190 190]
  ...
  [190 190 190]
  [190 190 190]
  [190 190 190]]

 [[190 190 190]
  [190 190 190]
  [190 190 190]
  ...
  [190 190 190]
  [190 190 190]
  [190 190 190]]

 [[190 190 190]
  [190 190 190]
  [190 190 190]
  ...
  [190 190 190]
  [190 190 190]
  [190 190 190]]

 ...

 [[190 190 190]
  [190 190 190]
  [190 190 190]
  ...
  [190 190 190]
  [190 190 190]
  [190 190 190]]

 [[190 190 190]
  [190 190 190]
  [190 190 190]
  ...
  [190 190 190]
  [190 190 190]
  [190 190 190]]

 [[190 190 190]
  [190 190 190]
  [190 190 190]
  ...
  [190 190 190]
  [190 190 190]
  [190 190 190]]]"	"[[0 0 0 ... 0 0 0]
 [0 0 0 ... 0 0 0]
 [0 0 0 ... 0 0 0]
 ...
 [0 0 0 ... 0 0 0]
 [0 0 0 ... 0 0 0]
 [0 0 0 ... 0 0 0]]"
9	"[[[190 190 190]
  [190 190 190]
  [190 190 190]
  ...
  [190 190 190]
  [190 190 190]
  [190 190 190]]

 [[190 190 190]
  [190 190 190]
  [190 190 190]
  ...
  [190 190 190]
  [190 190 190]
  [190 190 190]]

 [[190 190 190]
  [190 190 190]
  [190 190 190]
  ...
  [190 190 190]
  [190 190 190]
  [190 190 190]]

 ...

 [[190 190 190]
  [190 190 190]
  [190 190 190]
  ...
  [190 190 190]
  [190 190 190]
  [190 190 190]]

 [[190 190 190]
  [190 190 190]
  [190 190 190]
  ...
  [190 190 190]
  [190 190 190]
  [190 190 190]]

 [[190 190 190]
  [190 190 190]
  [190 190 190]
  ...
  [190 190 190]
  [190 190 190]
  [190 190 190]]]"	"[[0 0 0 ... 0 0 0]
 [0 0 0 ... 0 0 0]
 [0 0 0 ... 0 0 0]
 ...
 [0 0 0 ... 0 0 0]
 [0 0 0 ... 0 0 0]
 [0 0 0 ... 0 0 0]]"
10	"[[[190 190 190]
  [190 190 190]
  [190 190 190]
  ...
  [190 190 190]
  [190 190 190]
  [190 190 190]]

 [[190 190 190]
  [190 190 190]
  [190 190 190]
  ...
  [190 190 190]
  [190 190 190]
  [190 190 190]]

 [[190 190 190]
  [190 190 190]
  [190 190 190]
  ...
  [190 190 190]
  [190 190 190]
  [190 190 190]]

 ...

 [[190 190 190]
  [190 190 190]
  [190 190 190]
  ...
  [190 190 190]
  [190 190 190]
  [190 190 190]]

 [[190 190 190]
  [190 190 190]
  [190 190 190]
  ...
  [190 190 190]
  [190 190 190]
  [190 190 190]]

 [[190 190 190]
  [190 190 190]
  [190 190 190]
  ...
  [190 190 190]
  [190 190 190]
  [190 190 190]]]"	"[[0 0 0 ... 0 0 0]
 [0 0 0 ... 0 0 0]
 [0 0 0 ... 0 0 0]
 ...
 [0 0 0 ... 0 0 0]
 [0 0 0 ... 0 0 0]
 [0 0 0 ... 0 0 0]]"
11	"[[[190 190 190]
  [190 190 190]
  [190 190 190]
  ...
  [190 190 190]
  [190 190 190]
  [190 190 190]]

 [[190 190 190]
  [190 190 190]
  [190 190 190]
  ...
  [190 190 190]
  [190 190 190]
  [190 190 190]]

 [[190 190 190]
  [190 190 190]
  [190 190 190]
  ...
  [190 190 190]
  [190 190 190]
  [190 190 190]]

 ...

 [[190 190 190]
  [190 190 190]
  [190 190 190]
  ...
  [190 190 190]
  [190 190 190]
  [190 190 190]]

 [[190 190 190]
  [190 190 190]
  [190 190 190]
  ...
  [190 190 190]
  [190 190 190]
  [190 190 190]]

 [[190 190 190]
  [190 190 190]
  [190 190 190]
  ...
  [190 190 190]
  [190 190 190]
  [190 190 190]]]"	"[[0 0 0 ... 0 0 0]
 [0 0 0 ... 0 0 0]
 [0 0 0 ... 0 0 0]
 ...
 [0 0 0 ... 0 0 0]
 [0 0 0 ... 0 0 0]
 [0 0 0 ... 0 0 0]]"
12	"[[[190 190 190]
  [190 190 190]
  [190 190 190]
  ...
  [190 190 190]
  [190 190 190]
  [190 190 190]]

 [[190 190 190]
  [190 190 190]
  [190 190 190]
  ...
  [190 190 190]
  [190 190 190]
  [190 190 190]]

 [[190 190 190]
  [190 190 190]
  [190 190 190]
  ...
  [190 190 190]
  [190 190 190]
  [190 190 190]]

 ...

 [[190 190 190]
  [190 190 190]
  [190 190 190]
  ...
  [190 190 190]
  [190 190 190]
  [190 190 190]]

 [[190 190 190]
  [190 190 190]
  [190 190 190]
  ...
  [190 190 190]
  [190 190 190]
  [190 190 190]]

 [[190 190 190]
  [190 190 190]
  [190 190 190]
  ...
  [190 190 190]
  [190 190 190]
  [190 190 190]]]"	"[[0 0 0 ... 0 0 0]
 [0 0 0 ... 0 0 0]
 [0 0 0 ... 0 0 0]
 ...
 [0 0 0 ... 0 0 0]
 [0 0 0 ... 0 0 0]
 [0 0 0 ... 0 0 0]]"
13	"[[[190 190 190]
  [190 190 190]
  [190 190 190]
  ...
  [190 190 190]
  [190 190 190]
  [190 190 190]]

 [[190 190 190]
  [190 190 190]
  [190 190 190]
  ...
  [190 190 190]
  [190 190 190]
  [190 190 190]]

 [[190 190 190]
  [190 190 190]
  [190 190 190]
  ...
  [190 190 190]
  [190 190 190]
  [190 190 190]]

 ...

 [[190 190 190]
  [190 190 190]
  [190 190 190]
  ...
  [190 190 190]
  [190 190 190]
  [190 190 190]]

 [[190 190 190]
  [190 190 190]
  [190 190 190]
  ...
  [190 190 190]
  [190 190 190]
  [190 190 190]]

 [[190 190 190]
  [190 190 190]
  [190 190 190]
  ...
  [190 190 190]
  [190 190 190]
  [190 190 190]]]"	"[[0 0 0 ... 0 0 0]
 [0 0 0 ... 0 0 0]
 [0 0 0 ... 0 0 0]
 ...
 [0 0 0 ... 0 0 0]
 [0 0 0 ... 0 0 0]
 [0 0 0 ... 0 0 0]]"
14	"[[[190 190 190]
  [190 190 190]
  [190 190 190]
  ...
  [190 190 190]
  [190 190 190]
  [190 190 190]]

 [[190 190 190]
  [190 190 190]
  [190 190 190]
  ...
  [190 190 190]
  [190 190 190]
  [190 190 190]]

 [[190 190 190]
  [190 190 190]
  [190 190 190]
  ...
  [190 190 190]
  [190 190 190]
  [190 190 190]]

 ...

 [[190 190 190]
  [190 190 190]
  [190 190 190]
  ...
  [190 190 190]
  [190 190 190]
  [190 190 190]]

 [[190 190 190]
  [190 190 190]
  [190 190 190]
  ...
  [190 190 190]
  [190 190 190]
  [190 190 190]]

 [[190 190 190]
  [190 190 190]
  [190 190 190]
  ...
  [190 190 190]
  [190 190 190]
  [190 190 190]]]"	"[[0 0 0 ... 0 0 0]
 [0 0 0 ... 0 0 0]
 [0 0 0 ... 0 0 0]
 ...
 [0 0 0 ... 0 0 0]
 [0 0 0 ... 0 0 0]
 [0 0 0 ... 0 0 0]]"
15	"[[[190 190 190]
  [190 190 190]
  [190 190 190]
  ...
  [190 190 190]
  [190 190 190]
  [190 190 190]]

 [[190 190 190]
  [190 190 190]
  [190 190 190]
  ...
  [190 190 190]
  [190 190 190]
  [190 190 190]]

 [[190 190 190]
  [190 190 190]
  [190 190 190]
  ...
  [190 190 190]
  [190 190 190]
  [190 190 190]]

 ...

 [[190 190 190]
  [190 190 190]
  [190 190 190]
  ...
  [190 190 190]
  [190 190 190]
  [190 190 190]]

 [[190 190 190]
  [190 190 190]
  [190 190 190]
  ...
  [190 190 190]
  [190 190 190]
  [190 190 190]]

 [[190 190 190]
  [190 190 190]
  [190 190 190]
  ...
  [190 190 190]
  [190 190 190]
  [190 190 190]]]"	"[[0 0 0 ... 0 0 0]
 [0 0 0 ... 0 0 0]
 [0 0 0 ... 0 0 0]
 ...
 [0 0 0 ... 0 0 0]
 [0 0 0 ... 0 0 0]
 [0 0 0 ... 0 0 0]]"
16	"[[[190 190 190]
  [190 190 190]
  [190 190 190]
  ...
  [190 190 190]
  [190 190 190]
  [190 190 190]]

 [[190 190 190]
  [190 190 190]
  [190 190 190]
  ...
  [190 190 190]
  [190 190 190]
  [190 190 190]]

 [[190 190 190]
  [190 190 190]
  [190 190 190]
  ...
  [190 190 190]
  [190 190 190]
  [190 190 190]]

 ...

 [[190 190 190]
  [190 190 190]
  [190 190 190]
  ...
  [190 190 190]
  [190 190 190]
  [190 190 190]]

 [[190 190 190]
  [190 190 190]
  [190 190 190]
  ...
  [190 190 190]
  [190 190 190]
  [190 190 190]]

 [[190 190 190]
  [190 190 190]
  [190 190 190]
  ...
  [190 190 190]
  [190 190 190]
  [190 190 190]]]"	"[[0 0 0 ... 0 0 0]
 [0 0 0 ... 0 0 0]
 [0 0 0 ... 0 0 0]
 ...
 [0 0 0 ... 0 0 0]
 [0 0 0 ... 0 0 0]
 [0 0 0 ... 0 0 0]]"
17	"[[[190 190 190]
  [190 190 190]
  [190 190 190]
  ...
  [190 190 190]
  [190 190 190]
  [190 190 190]]

 [[190 190 190]
  [190 190 190]
  [190 190 190]
  ...
  [190 190 190]
  [190 190 190]
  [190 190 190]]

 [[190 190 190]
  [190 190 190]
  [190 190 190]
  ...
  [190 190 190]
  [190 190 190]
  [190 190 190]]

 ...

 [[190 190 190]
  [190 190 190]
  [190 190 190]
  ...
  [190 190 190]
  [190 190 190]
  [190 190 190]]

 [[190 190 190]
  [190 190 190]
  [190 190 190]
  ...
  [190 190 190]
  [190 190 190]
  [190 190 190]]

 [[190 190 190]
  [190 190 190]
  [190 190 190]
  ...
  [190 190 190]
  [190 190 190]
  [190 190 190]]]"	"[[0 0 0 ... 0 0 0]
 [0 0 0 ... 0 0 0]
 [0 0 0 ... 0 0 0]
 ...
 [0 0 0 ... 0 0 0]
 [0 0 0 ... 0 0 0]
 [0 0 0 ... 0 0 0]]"
18	"[[[190 190 190]
  [190 190 190]
  [190 190 190]
  ...
  [190 190 190]
  [190 190 190]
  [190 190 190]]

 [[190 190 190]
  [190 190 190]
  [190 190 190]
  ...
  [190 190 190]
  [190 190 190]
  [190 190 190]]

 [[190 190 190]
  [190 190 190]
  [190 190 190]
  ...
  [190 190 190]
  [190 190 190]
  [190 190 190]]

 ...

 [[190 190 190]
  [190 190 190]
  [190 190 190]
  ...
  [190 190 190]
  [190 190 190]
  [190 190 190]]

 [[190 190 190]
  [190 190 190]
  [190 190 190]
  ...
  [190 190 190]
  [190 190 190]
  [190 190 190]]

 [[190 190 190]
  [190 190 190]
  [190 190 190]
  ...
  [190 190 190]
  [190 190 190]
  [190 190 190]]]"	"[[0 0 0 ... 0 0 0]
 [0 0 0 ... 0 0 0]
 [0 0 0 ... 0 0 0]
 ...
 [0 0 0 ... 0 0 0]
 [0 0 0 ... 0 0 0]
 [0 0 0 ... 0 0 0]]"
19	"[[[190 190 190]
  [190 190 190]
  [190 190 190]
  ...
  [190 190 190]
  [190 190 190]
  [190 190 190]]

 [[190 190 190]
  [190 190 190]
  [190 190 190]
  ...
  [190 190 190]
  [190 190 190]
  [190 190 190]]

 [[190 190 190]
  [190 190 190]
  [190 190 190]
  ...
  [190 190 190]
  [190 190 190]
  [190 190 190]]

 ...

 [[190 190 190]
  [190 190 190]
  [190 190 190]
  ...
  [190 190 190]
  [190 190 190]
  [190 190 190]]

 [[190 190 190]
  [190 190 190]
  [190 190 190]
  ...
  [190 190 190]
  [190 190 190]
  [190 190 190]]

 [[190 190 190]
  [190 190 190]
  [190 190 190]
  ...
  [190 190 190]
  [190 190 190]
  [190 190 190]]]"	"[[0 0 0 ... 0 0 0]
 [0 0 0 ... 0 0 0]
 [0 0 0 ... 0 0 0]
 ...
 [0 0 0 ... 0 0 0]
 [0 0 0 ... 0 0 0]
 [0 0 0 ... 0 0 0]]"
20	"[[[190 190 190]
  [190 190 190]
  [190 190 190]
  ...
  [190 190 190]
  [190 190 190]
  [190 190 190]]

 [[190 190 190]
  [190 190 190]
  [190 190 190]
  ...
  [190 190 190]
  [190 190 190]
  [190 190 190]]

 [[190 190 190]
  [190 190 190]
  [190 190 190]
  ...
  [190 190 190]
  [190 190 190]
  [190 190 190]]

 ...

 [[190 190 190]
  [190 190 190]
  [190 190 190]
  ...
  [190 190 190]
  [190 190 190]
  [190 190 190]]

 [[190 190 190]
  [190 190 190]
  [190 190 190]
  ...
  [190 190 190]
  [190 190 190]
  [190 190 190]]

 [[190 190 190]
  [190 190 190]
  [190 190 190]
  ...
  [190 190 190]
  [190 190 190]
  [190 190 190]]]"	"[[0 0 0 ... 0 0 0]
 [0 0 0 ... 0 0 0]
 [0 0 0 ... 0 0 0]
 ...
 [0 0 0 ... 0 0 0]
 [0 0 0 ... 0 0 0]
 [0 0 0 ... 0 0 0]]"
21	"[[[190 190 190]
  [190 190 190]
  [190 190 190]
  ...
  [190 190 190]
  [190 190 190]
  [190 190 190]]

 [[190 190 190]
  [190 190 190]
  [190 190 190]
  ...
  [190 190 190]
  [190 190 190]
  [190 190 190]]

 [[190 190 190]
  [190 190 190]
  [190 190 190]
  ...
  [190 190 190]
  [190 190 190]
  [190 190 190]]

 ...

 [[190 190 190]
  [190 190 190]
  [190 190 190]
  ...
  [190 190 190]
  [190 190 190]
  [190 190 190]]

 [[190 190 190]
  [190 190 190]
  [190 190 190]
  ...
  [190 190 190]
  [190 190 190]
  [190 190 190]]

 [[190 190 190]
  [190 190 190]
  [190 190 190]
  ...
  [190 190 190]
  [190 190 190]
  [190 190 190]]]"	"[[0 0 0 ... 0 0 0]
 [0 0 0 ... 0 0 0]
 [0 0 0 ... 0 0 0]
 ...
 [0 0 0 ... 0 0 0]
 [0 0 0 ... 0 0 0]
 [0 0 0 ... 0 0 0]]"
22	"[[[190 190 190]
  [190 190 190]
  [190 190 190]
  ...
  [190 190 190]
  [190 190 190]
  [190 190 190]]

 [[190 190 190]
  [190 190 190]
  [190 190 190]
  ...
  [190 190 190]
  [190 190 190]
  [190 190 190]]

 [[190 190 190]
  [190 190 190]
  [190 190 190]
  ...
  [190 190 190]
  [190 190 190]
  [190 190 190]]

 ...

 [[190 190 190]
  [190 190 190]
  [190 190 190]
  ...
  [190 190 190]
  [190 190 190]
  [190 190 190]]

 [[190 190 190]
  [190 190 190]
  [190 190 190]
  ...
  [190 190 190]
  [190 190 190]
  [190 190 190]]

 [[190 190 190]
  [190 190 190]
  [190 190 190]
  ...
  [190 190 190]
  [190 190 190]
  [190 190 190]]]"	"[[0 0 0 ... 0 0 0]
 [0 0 0 ... 0 0 0]
 [0 0 0 ... 0 0 0]
 ...
 [0 0 0 ... 0 0 0]
 [0 0 0 ... 0 0 0]
 [0 0 0 ... 0 0 0]]"
23	"[[[190 190 190]
  [190 190 190]
  [190 190 190]
  ...
  [190 190 190]
  [190 190 190]
  [190 190 190]]

 [[190 190 190]
  [190 190 190]
  [190 190 190]
  ...
  [190 190 190]
  [190 190 190]
  [190 190 190]]

 [[190 190 190]
  [190 190 190]
  [190 190 190]
  ...
  [190 190 190]
  [190 190 190]
  [190 190 190]]

 ...

 [[190 190 190]
  [190 190 190]
  [190 190 190]
  ...
  [190 190 190]
  [190 190 190]
  [190 190 190]]

 [[190 190 190]
  [190 190 190]
  [190 190 190]
  ...
  [190 190 190]
  [190 190 190]
  [190 190 190]]

 [[190 190 190]
  [190 190 190]
  [190 190 190]
  ...
  [190 190 190]
  [190 190 190]
  [190 190 190]]]"	"[[0 0 0 ... 0 0 0]
 [0 0 0 ... 0 0 0]
 [0 0 0 ... 0 0 0]
 ...
 [0 0 0 ... 0 0 0]
 [0 0 0 ... 0 0 0]
 [0 0 0 ... 0 0 0]]"
24	"[[[190 190 190]
  [190 190 190]
  [190 190 190]
  ...
  [190 190 190]
  [190 190 190]
  [190 190 190]]

 [[190 190 190]
  [190 190 190]
  [190 190 190]
  ...
  [190 190 190]
  [190 190 190]
  [190 190 190]]

 [[190 190 190]
  [190 190 190]
  [190 190 190]
  ...
  [190 190 190]
  [190 190 190]
  [190 190 190]]

 ...

 [[190 190 190]
  [190 190 190]
  [190 190 190]
  ...
  [190 190 190]
  [190 190 190]
  [190 190 190]]

 [[190 190 190]
  [190 190 190]
  [190 190 190]
  ...
  [190 190 190]
  [190 190 190]
  [190 190 190]]

 [[190 190 190]
  [190 190 190]
  [190 190 190]
  ...
  [190 190 190]
  [190 190 190]
  [190 190 190]]]"	"[[0 0 0 ... 0 0 0]
 [0 0 0 ... 0 0 0]
 [0 0 0 ... 0 0 0]
 ...
 [0 0 0 ... 0 0 0]
 [0 0 0 ... 0 0 0]
 [0 0 0 ... 0 0 0]]"
25	"[[[190 190 190]
  [190 190 190]
  [190 190 190]
  ...
  [190 190 190]
  [190 190 190]
  [190 190 190]]

 [[190 190 190]
  [190 190 190]
  [190 190 190]
  ...
  [190 190 190]
  [190 190 190]
  [190 190 190]]

 [[190 190 190]
  [190 190 190]
  [190 190 190]
  ...
  [190 190 190]
  [190 190 190]
  [190 190 190]]

 ...

 [[190 190 190]
  [190 190 190]
  [190 190 190]
  ...
  [190 190 190]
  [190 190 190]
  [190 190 190]]

 [[190 190 190]
  [190 190 190]
  [190 190 190]
  ...
  [190 190 190]
  [190 190 190]
  [190 190 190]]

 [[190 190 190]
  [190 190 190]
  [190 190 190]
  ...
  [190 190 190]
  [190 190 190]
  [190 190 190]]]"	"[[0 0 0 ... 0 0 0]
 [0 0 0 ... 0 0 0]
 [0 0 0 ... 0 0 0]
 ...
 [0 0 0 ... 0 0 0]
 [0 0 0 ... 0 0 0]
 [0 0 0 ... 0 0 0]]"
26	"[[[190 190 190]
  [190 190 190]
  [190 190 190]
  ...
  [190 190 190]
  [190 190 190]
  [190 190 190]]

 [[190 190 190]
  [190 190 190]
  [190 190 190]
  ...
  [190 190 190]
  [190 190 190]
  [190 190 190]]

 [[190 190 190]
  [190 190 190]
  [190 190 190]
  ...
  [190 190 190]
  [190 190 190]
  [190 190 190]]

 ...

 [[190 190 190]
  [190 190 190]
  [190 190 190]
  ...
  [190 190 190]
  [190 190 190]
  [190 190 190]]

 [[190 190 190]
  [190 190 190]
  [190 190 190]
  ...
  [190 190 190]
  [190 190 190]
  [190 190 190]]

 [[190 190 190]
  [190 190 190]
  [190 190 190]
  ...
  [190 190 190]
  [190 190 190]
  [190 190 190]]]"	"[[0 0 0 ... 0 0 0]
 [0 0 0 ... 0 0 0]
 [0 0 0 ... 0 0 0]
 ...
 [0 0 0 ... 0 0 0]
 [0 0 0 ... 0 0 0]
 [0 0 0 ... 0 0 0]]"
27	"[[[190 190 190]
  [190 190 190]
  [190 190 190]
  ...
  [190 190 190]
  [190 190 190]
  [190 190 190]]

 [[190 190 190]
  [190 190 190]
  [190 190 190]
  ...
  [190 190 190]
  [190 190 190]
  [190 190 190]]

 [[190 190 190]
  [190 190 190]
  [190 190 190]
  ...
  [190 190 190]
  [190 190 190]
  [190 190 190]]

 ...

 [[190 190 190]
  [190 190 190]
  [190 190 190]
  ...
  [190 190 190]
  [190 190 190]
  [190 190 190]]

 [[190 190 190]
  [190 190 190]
  [190 190 190]
  ...
  [190 190 190]
  [190 190 190]
  [190 190 190]]

 [[190 190 190]
  [190 190 190]
  [190 190 190]
  ...
  [190 190 190]
  [190 190 190]
  [190 190 190]]]"	"[[0 0 0 ... 0 0 0]
 [0 0 0 ... 0 0 0]
 [0 0 0 ... 0 0 0]
 ...
 [0 0 0 ... 0 0 0]
 [0 0 0 ... 0 0 0]
 [0 0 0 ... 0 0 0]]"
28	"[[[190 190 190]
  [190 190 190]
  [190 190 190]
  ...
  [190 190 190]
  [190 190 190]
  [190 190 190]]

 [[190 190 190]
  [190 190 190]
  [190 190 190]
  ...
  [190 190 190]
  [190 190 190]
  [190 190 190]]

 [[190 190 190]
  [190 190 190]
  [190 190 190]
  ...
  [190 190 190]
  [190 190 190]
  [190 190 190]]

 ...

 [[190 190 190]
  [190 190 190]
  [190 190 190]
  ...
  [190 190 190]
  [190 190 190]
  [190 190 190]]

 [[190 190 190]
  [190 190 190]
  [190 190 190]
  ...
  [190 190 190]
  [190 190 190]
  [190 190 190]]

 [[190 190 190]
  [190 190 190]
  [190 190 190]
  ...
  [190 190 190]
  [190 190 190]
  [190 190 190]]]"	"[[0 0 0 ... 0 0 0]
 [0 0 0 ... 0 0 0]
 [0 0 0 ... 0 0 0]
 ...
 [0 0 0 ... 0 0 0]
 [0 0 0 ... 0 0 0]
 [0 0 0 ... 0 0 0]]"
29	"[[[190 190 190]
  [190 190 190]
  [190 190 190]
  ...
  [190 190 190]
  [190 190 190]
  [190 190 190]]

 [[190 190 190]
  [190 190 190]
  [190 190 190]
  ...
  [190 190 190]
  [190 190 190]
  [190 190 190]]

 [[190 190 190]
  [190 190 190]
  [190 190 190]
  ...
  [190 190 190]
  [190 190 190]
  [190 190 190]]

 ...

 [[190 190 190]
  [190 190 190]
  [190 190 190]
  ...
  [190 190 190]
  [190 190 190]
  [190 190 190]]

 [[190 190 190]
  [190 190 190]
  [190 190 190]
  ...
  [190 190 190]
  [190 190 190]
  [190 190 190]]

 [[190 190 190]
  [190 190 190]
  [190 190 190]
  ...
  [190 190 190]
  [190 190 190]
  [190 190 190]]]"	"[[0 0 0 ... 0 0 0]
 [0 0 0 ... 0 0 0]
 [0 0 0 ... 0 0 0]
 ...
 [0 0 0 ... 0 0 0]
 [0 0 0 ... 0 0 0]
 [0 0 0 ... 0 0 0]]"
30	"[[[190 190 190]
  [190 190 190]
  [190 190 190]
  ...
  [190 190 190]
  [190 190 190]
  [190 190 190]]

 [[190 190 190]
  [190 190 190]
  [190 190 190]
  ...
  [190 190 190]
  [190 190 190]
  [190 190 190]]

 [[190 190 190]
  [190 190 190]
  [190 190 190]
  ...
  [190 190 190]
  [190 190 190]
  [190 190 190]]

 ...

 [[190 190 190]
  [190 190 190]
  [190 190 190]
  ...
  [190 190 190]
  [190 190 190]
  [190 190 190]]

 [[190 190 190]
  [190 190 190]
  [190 190 190]
  ...
  [190 190 190]
  [190 190 190]
  [190 190 190]]

 [[190 190 190]
  [190 190 190]
  [190 190 190]
  ...
  [190 190 190]
  [190 190 190]
  [190 190 190]]]"	"[[0 0 0 ... 0 0 0]
 [0 0 0 ... 0 0 0]
 [0 0 0 ... 0 0 0]
 ...
 [0 0 0 ... 0 0 0]
 [0 0 0 ... 0 0 0]
 [0 0 0 ... 0 0 0]]"
31	"[[[190 190 190]
  [190 190 190]
  [190 190 190]
  ...
  [190 190 190]
  [190 190 190]
  [190 190 190]]

 [[190 190 190]
  [190 190 190]
  [190 190 190]
  ...
  [190 190 190]
  [190 190 190]
  [190 190 190]]

 [[190 190 190]
  [190 190 190]
  [190 190 190]
  ...
  [190 190 190]
  [190 190 190]
  [190 190 190]]

 ...

 [[190 190 190]
  [190 190 190]
  [190 190 190]
  ...
  [190 190 190]
  [190 190 190]
  [190 190 190]]

 [[190 190 190]
  [190 190 190]
  [190 190 190]
  ...
  [190 190 190]
  [190 190 190]
  [190 190 190]]

 [[190 190 190]
  [190 190 190]
  [190 190 190]
  ...
  [190 190 190]
  [190 190 190]
  [190 190 190]]]"	"[[0 0 0 ... 0 0 0]
 [0 0 0 ... 0 0 0]
 [0 0 0 ... 0 0 0]
 ...
 [0 0 0 ... 0 0 0]
 [0 0 0 ... 0 0 0]
 [0 0 0 ... 0 0 0]]"
32	"[[[190 190 190]
  [190 190 190]
  [190 190 190]
  ...
  [190 190 190]
  [190 190 190]
  [190 190 190]]

 [[190 190 190]
  [190 190 190]
  [190 190 190]
  ...
  [190 190 190]
  [190 190 190]
  [190 190 190]]

 [[190 190 190]
  [190 190 190]
  [190 190 190]
  ...
  [190 190 190]
  [190 190 190]
  [190 190 190]]

 ...

 [[190 190 190]
  [190 190 190]
  [190 190 190]
  ...
  [190 190 190]
  [190 190 190]
  [190 190 190]]

 [[190 190 190]
  [190 190 190]
  [190 190 190]
  ...
  [190 190 190]
  [190 190 190]
  [190 190 190]]

 [[190 190 190]
  [190 190 190]
  [190 190 190]
  ...
  [190 190 190]
  [190 190 190]
  [190 190 190]]]"	"[[0 0 0 ... 0 0 0]
 [0 0 0 ... 0 0 0]
 [0 0 0 ... 0 0 0]
 ...
 [0 0 0 ... 0 0 0]
 [0 0 0 ... 0 0 0]
 [0 0 0 ... 0 0 0]]"
33	"[[[190 190 190]
  [190 190 190]
  [190 190 190]
  ...
  [190 190 190]
  [190 190 190]
  [190 190 190]]

 [[190 190 190]
  [190 190 190]
  [190 190 190]
  ...
  [190 190 190]
  [190 190 190]
  [190 190 190]]

 [[190 190 190]
  [190 190 190]
  [190 190 190]
  ...
  [190 190 190]
  [190 190 190]
  [190 190 190]]

 ...

 [[190 190 190]
  [190 190 190]
  [190 190 190]
  ...
  [190 190 190]
  [190 190 190]
  [190 190 190]]

 [[190 190 190]
  [190 190 190]
  [190 190 190]
  ...
  [190 190 190]
  [190 190 190]
  [190 190 190]]

 [[190 190 190]
  [190 190 190]
  [190 190 190]
  ...
  [190 190 190]
  [190 190 190]
  [190 190 190]]]"	"[[0 0 0 ... 0 0 0]
 [0 0 0 ... 0 0 0]
 [0 0 0 ... 0 0 0]
 ...
 [0 0 0 ... 0 0 0]
 [0 0 0 ... 0 0 0]
 [0 0 0 ... 0 0 0]]"
34	"[[[190 190 190]
  [190 190 190]
  [190 190 190]
  ...
  [190 190 190]
  [190 190 190]
  [190 190 190]]

 [[190 190 190]
  [190 190 190]
  [190 190 190]
  ...
  [190 190 190]
  [190 190 190]
  [190 190 190]]

 [[190 190 190]
  [190 190 190]
  [190 190 190]
  ...
  [190 190 190]
  [190 190 190]
  [190 190 190]]

 ...

 [[190 190 190]
  [190 190 190]
  [190 190 190]
  ...
  [190 190 190]
  [190 190 190]
  [190 190 190]]

 [[190 190 190]
  [190 190 190]
  [190 190 190]
  ...
  [190 190 190]
  [190 190 190]
  [190 190 190]]

 [[190 190 190]
  [190 190 190]
  [190 190 190]
  ...
  [190 190 190]
  [190 190 190]
  [190 190 190]]]"	"[[0 0 0 ... 0 0 0]
 [0 0 0 ... 0 0 0]
 [0 0 0 ... 0 0 0]
 ...
 [0 0 0 ... 0 0 0]
 [0 0 0 ... 0 0 0]
 [0 0 0 ... 0 0 0]]"
35	"[[[190 190 190]
  [190 190 190]
  [190 190 190]
  ...
  [190 190 190]
  [190 190 190]
  [190 190 190]]

 [[190 190 190]
  [190 190 190]
  [190 190 190]
  ...
  [190 190 190]
  [190 190 190]
  [190 190 190]]

 [[190 190 190]
  [190 190 190]
  [190 190 190]
  ...
  [190 190 190]
  [190 190 190]
  [190 190 190]]

 ...

 [[190 190 190]
  [190 190 190]
  [190 190 190]
  ...
  [190 190 190]
  [190 190 190]
  [190 190 190]]

 [[190 190 190]
  [190 190 190]
  [190 190 190]
  ...
  [190 190 190]
  [190 190 190]
  [190 190 190]]

 [[190 190 190]
  [190 190 190]
  [190 190 190]
  ...
  [190 190 190]
  [190 190 190]
  [190 190 190]]]"	"[[0 0 0 ... 0 0 0]
 [0 0 0 ... 0 0 0]
 [0 0 0 ... 0 0 0]
 ...
 [0 0 0 ... 0 0 0]
 [0 0 0 ... 0 0 0]
 [0 0 0 ... 0 0 0]]"
36	"[[[190 190 190]
  [190 190 190]
  [190 190 190]
  ...
  [190 190 190]
  [190 190 190]
  [190 190 190]]

 [[190 190 190]
  [190 190 190]
  [190 190 190]
  ...
  [190 190 190]
  [190 190 190]
  [190 190 190]]

 [[190 190 190]
  [190 190 190]
  [190 190 190]
  ...
  [190 190 190]
  [190 190 190]
  [190 190 190]]

 ...

 [[190 190 190]
  [190 190 190]
  [190 190 190]
  ...
  [190 190 190]
  [190 190 190]
  [190 190 190]]

 [[190 190 190]
  [190 190 190]
  [190 190 190]
  ...
  [190 190 190]
  [190 190 190]
  [190 190 190]]

 [[190 190 190]
  [190 190 190]
  [190 190 190]
  ...
  [190 190 190]
  [190 190 190]
  [190 190 190]]]"	"[[0 0 0 ... 0 0 0]
 [0 0 0 ... 0 0 0]
 [0 0 0 ... 0 0 0]
 ...
 [0 0 0 ... 0 0 0]
 [0 0 0 ... 0 0 0]
 [0 0 0 ... 0 0 0]]"
37	"[[[190 190 190]
  [190 190 190]
  [190 190 190]
  ...
  [190 190 190]
  [190 190 190]
  [190 190 190]]

 [[190 190 190]
  [190 190 190]
  [190 190 190]
  ...
  [190 190 190]
  [190 190 190]
  [190 190 190]]

 [[190 190 190]
  [190 190 190]
  [190 190 190]
  ...
  [190 190 190]
  [190 190 190]
  [190 190 190]]

 ...

 [[190 190 190]
  [190 190 190]
  [190 190 190]
  ...
  [190 190 190]
  [190 190 190]
  [190 190 190]]

 [[190 190 190]
  [190 190 190]
  [190 190 190]
  ...
  [190 190 190]
  [190 190 190]
  [190 190 190]]

 [[190 190 190]
  [190 190 190]
  [190 190 190]
  ...
  [190 190 190]
  [190 190 190]
  [190 190 190]]]"	"[[0 0 0 ... 0 0 0]
 [0 0 0 ... 0 0 0]
 [0 0 0 ... 0 0 0]
 ...
 [0 0 0 ... 0 0 0]
 [0 0 0 ... 0 0 0]
 [0 0 0 ... 0 0 0]]"
38	"[[[190 190 190]
  [190 190 190]
  [190 190 190]
  ...
  [190 190 190]
  [190 190 190]
  [190 190 190]]

 [[190 190 190]
  [190 190 190]
  [190 190 190]
  ...
  [190 190 190]
  [190 190 190]
  [190 190 190]]

 [[190 190 190]
  [190 190 190]
  [190 190 190]
  ...
  [190 190 190]
  [190 190 190]
  [190 190 190]]

 ...

 [[190 190 190]
  [190 190 190]
  [190 190 190]
  ...
  [190 190 190]
  [190 190 190]
  [190 190 190]]

 [[190 190 190]
  [190 190 190]
  [190 190 190]
  ...
  [190 190 190]
  [190 190 190]
  [190 190 190]]

 [[190 190 190]
  [190 190 190]
  [190 190 190]
  ...
  [190 190 190]
  [190 190 190]
  [190 190 190]]]"	"[[0 0 0 ... 0 0 0]
 [0 0 0 ... 0 0 0]
 [0 0 0 ... 0 0 0]
 ...
 [0 0 0 ... 0 0 0]
 [0 0 0 ... 0 0 0]
 [0 0 0 ... 0 0 0]]"
39	"[[[190 190 190]
  [190 190 190]
  [190 190 190]
  ...
  [190 190 190]
  [190 190 190]
  [190 190 190]]

 [[190 190 190]
  [190 190 190]
  [190 190 190]
  ...
  [190 190 190]
  [190 190 190]
  [190 190 190]]

 [[190 190 190]
  [190 190 190]
  [190 190 190]
  ...
  [190 190 190]
  [190 190 190]
  [190 190 190]]

 ...

 [[190 190 190]
  [190 190 190]
  [190 190 190]
  ...
  [190 190 190]
  [190 190 190]
  [190 190 190]]

 [[190 190 190]
  [190 190 190]
  [190 190 190]
  ...
  [190 190 190]
  [190 190 190]
  [190 190 190]]

 [[190 190 190]
  [190 190 190]
  [190 190 190]
  ...
  [190 190 190]
  [190 190 190]
  [190 190 190]]]"	"[[0 0 0 ... 0 0 0]
 [0 0 0 ... 0 0 0]
 [0 0 0 ... 0 0 0]
 ...
 [0 0 0 ... 0 0 0]
 [0 0 0 ... 0 0 0]
 [0 0 0 ... 0 0 0]]"
40	"[[[190 190 190]
  [190 190 190]
  [190 190 190]
  ...
  [190 190 190]
  [190 190 190]
  [190 190 190]]

 [[190 190 190]
  [190 190 190]
  [190 190 190]
  ...
  [190 190 190]
  [190 190 190]
  [190 190 190]]

 [[190 190 190]
  [190 190 190]
  [190 190 190]
  ...
  [190 190 190]
  [190 190 190]
  [190 190 190]]

 ...

 [[190 190 190]
  [190 190 190]
  [190 190 190]
  ...
  [190 190 190]
  [190 190 190]
  [190 190 190]]

 [[190 190 190]
  [190 190 190]
  [190 190 190]
  ...
  [190 190 190]
  [190 190 190]
  [190 190 190]]

 [[190 190 190]
  [190 190 190]
  [190 190 190]
  ...
  [190 190 190]
  [190 190 190]
  [190 190 190]]]"	"[[0 0 0 ... 0 0 0]
 [0 0 0 ... 0 0 0]
 [0 0 0 ... 0 0 0]
 ...
 [0 0 0 ... 0 0 0]
 [0 0 0 ... 0 0 0]
 [0 0 0 ... 0 0 0]]"
41	"[[[190 190 190]
  [190 190 190]
  [190 190 190]
  ...
  [190 190 190]
  [190 190 190]
  [190 190 190]]

 [[190 190 190]
  [190 190 190]
  [190 190 190]
  ...
  [190 190 190]
  [190 190 190]
  [190 190 190]]

 [[190 190 190]
  [190 190 190]
  [190 190 190]
  ...
  [190 190 190]
  [190 190 190]
  [190 190 190]]

 ...

 [[190 190 190]
  [190 190 190]
  [190 190 190]
  ...
  [190 190 190]
  [190 190 190]
  [190 190 190]]

 [[190 190 190]
  [190 190 190]
  [190 190 190]
  ...
  [190 190 190]
  [190 190 190]
  [190 190 190]]

 [[190 190 190]
  [190 190 190]
  [190 190 190]
  ...
  [190 190 190]
  [190 190 190]
  [190 190 190]]]"	"[[0 0 0 ... 0 0 0]
 [0 0 0 ... 0 0 0]
 [0 0 0 ... 0 0 0]
 ...
 [0 0 0 ... 0 0 0]
 [0 0 0 ... 0 0 0]
 [0 0 0 ... 0 0 0]]"
42	"[[[190 190 190]
  [190 190 190]
  [190 190 190]
  ...
  [190 190 190]
  [190 190 190]
  [190 190 190]]

 [[190 190 190]
  [190 190 190]
  [190 190 190]
  ...
  [190 190 190]
  [190 190 190]
  [190 190 190]]

 [[190 190 190]
  [190 190 190]
  [190 190 190]
  ...
  [190 190 190]
  [190 190 190]
  [190 190 190]]

 ...

 [[190 190 190]
  [190 190 190]
  [190 190 190]
  ...
  [190 190 190]
  [190 190 190]
  [190 190 190]]

 [[190 190 190]
  [190 190 190]
  [190 190 190]
  ...
  [190 190 190]
  [190 190 190]
  [190 190 190]]

 [[190 190 190]
  [190 190 190]
  [190 190 190]
  ...
  [190 190 190]
  [190 190 190]
  [190 190 190]]]"	"[[0 0 0 ... 0 0 0]
 [0 0 0 ... 0 0 0]
 [0 0 0 ... 0 0 0]
 ...
 [0 0 0 ... 0 0 0]
 [0 0 0 ... 0 0 0]
 [0 0 0 ... 0 0 0]]"
43	"[[[190 190 190]
  [190 190 190]
  [190 190 190]
  ...
  [190 190 190]
  [190 190 190]
  [190 190 190]]

 [[190 190 190]
  [190 190 190]
  [190 190 190]
  ...
  [190 190 190]
  [190 190 190]
  [190 190 190]]

 [[190 190 190]
  [190 190 190]
  [190 190 190]
  ...
  [190 190 190]
  [190 190 190]
  [190 190 190]]

 ...

 [[190 190 190]
  [190 190 190]
  [190 190 190]
  ...
  [190 190 190]
  [190 190 190]
  [190 190 190]]

 [[190 190 190]
  [190 190 190]
  [190 190 190]
  ...
  [190 190 190]
  [190 190 190]
  [190 190 190]]

 [[190 190 190]
  [190 190 190]
  [190 190 190]
  ...
  [190 190 190]
  [190 190 190]
  [190 190 190]]]"	"[[0 0 0 ... 0 0 0]
 [0 0 0 ... 0 0 0]
 [0 0 0 ... 0 0 0]
 ...
 [0 0 0 ... 0 0 0]
 [0 0 0 ... 0 0 0]
 [0 0 0 ... 0 0 0]]"
44	"[[[190 190 190]
  [190 190 190]
  [190 190 190]
  ...
  [190 190 190]
  [190 190 190]
  [190 190 190]]

 [[190 190 190]
  [190 190 190]
  [190 190 190]
  ...
  [190 190 190]
  [190 190 190]
  [190 190 190]]

 [[190 190 190]
  [190 190 190]
  [190 190 190]
  ...
  [190 190 190]
  [190 190 190]
  [190 190 190]]

 ...

 [[190 190 190]
  [190 190 190]
  [190 190 190]
  ...
  [190 190 190]
  [190 190 190]
  [190 190 190]]

 [[190 190 190]
  [190 190 190]
  [190 190 190]
  ...
  [190 190 190]
  [190 190 190]
  [190 190 190]]

 [[190 190 190]
  [190 190 190]
  [190 190 190]
  ...
  [190 190 190]
  [190 190 190]
  [190 190 190]]]"	"[[0 0 0 ... 0 0 0]
 [0 0 0 ... 0 0 0]
 [0 0 0 ... 0 0 0]
 ...
 [0 0 0 ... 0 0 0]
 [0 0 0 ... 0 0 0]
 [0 0 0 ... 0 0 0]]"
45	"[[[190 190 190]
  [190 190 190]
  [190 190 190]
  ...
  [190 190 190]
  [190 190 190]
  [190 190 190]]

 [[190 190 190]
  [190 190 190]
  [190 190 190]
  ...
  [190 190 190]
  [190 190 190]
  [190 190 190]]

 [[190 190 190]
  [190 190 190]
  [190 190 190]
  ...
  [190 190 190]
  [190 190 190]
  [190 190 190]]

 ...

 [[190 190 190]
  [190 190 190]
  [190 190 190]
  ...
  [190 190 190]
  [190 190 190]
  [190 190 190]]

 [[190 190 190]
  [190 190 190]
  [190 190 190]
  ...
  [190 190 190]
  [190 190 190]
  [190 190 190]]

 [[190 190 190]
  [190 190 190]
  [190 190 190]
  ...
  [190 190 190]
  [190 190 190]
  [190 190 190]]]"	"[[0 0 0 ... 0 0 0]
 [0 0 0 ... 0 0 0]
 [0 0 0 ... 0 0 0]
 ...
 [0 0 0 ... 0 0 0]
 [0 0 0 ... 0 0 0]
 [0 0 0 ... 0 0 0]]"
46	"[[[190 190 190]
  [190 190 190]
  [190 190 190]
  ...
  [190 190 190]
  [190 190 190]
  [190 190 190]]

 [[190 190 190]
  [190 190 190]
  [190 190 190]
  ...
  [190 190 190]
  [190 190 190]
  [190 190 190]]

 [[190 190 190]
  [190 190 190]
  [190 190 190]
  ...
  [190 190 190]
  [190 190 190]
  [190 190 190]]

 ...

 [[190 190 190]
  [190 190 190]
  [190 190 190]
  ...
  [190 190 190]
  [190 190 190]
  [190 190 190]]

 [[190 190 190]
  [190 190 190]
  [190 190 190]
  ...
  [190 190 190]
  [190 190 190]
  [190 190 190]]

 [[190 190 190]
  [190 190 190]
  [190 190 190]
  ...
  [190 190 190]
  [190 190 190]
  [190 190 190]]]"	"[[0 0 0 ... 0 0 0]
 [0 0 0 ... 0 0 0]
 [0 0 0 ... 0 0 0]
 ...
 [0 0 0 ... 0 0 0]
 [0 0 0 ... 0 0 0]
 [0 0 0 ... 0 0 0]]"
47	"[[[190 190 190]
  [190 190 190]
  [190 190 190]
  ...
  [190 190 190]
  [190 190 190]
  [190 190 190]]

 [[190 190 190]
  [190 190 190]
  [190 190 190]
  ...
  [190 190 190]
  [190 190 190]
  [190 190 190]]

 [[190 190 190]
  [190 190 190]
  [190 190 190]
  ...
  [190 190 190]
  [190 190 190]
  [190 190 190]]

 ...

 [[190 190 190]
  [190 190 190]
  [190 190 190]
  ...
  [190 190 190]
  [190 190 190]
  [190 190 190]]

 [[190 190 190]
  [190 190 190]
  [190 190 190]
  ...
  [190 190 190]
  [190 190 190]
  [190 190 190]]

 [[190 190 190]
  [190 190 190]
  [190 190 190]
  ...
  [190 190 190]
  [190 190 190]
  [190 190 190]]]"	"[[0 0 0 ... 0 0 0]
 [0 0 0 ... 0 0 0]
 [0 0 0 ... 0 0 0]
 ...
 [0 0 0 ... 0 0 0]
 [0 0 0 ... 0 0 0]
 [0 0 0 ... 0 0 0]]"
48	"[[[190 190 190]
  [190 190 190]
  [190 190 190]
  ...
  [190 190 190]
  [190 190 190]
  [190 190 190]]

 [[190 190 190]
  [190 190 190]
  [190 190 190]
  ...
  [190 190 190]
  [190 190 190]
  [190 190 190]]

 [[190 190 190]
  [190 190 190]
  [190 190 190]
  ...
  [190 190 190]
  [190 190 190]
  [190 190 190]]

 ...

 [[190 190 190]
  [190 190 190]
  [190 190 190]
  ...
  [190 190 190]
  [190 190 190]
  [190 190 190]]

 [[190 190 190]
  [190 190 190]
  [190 190 190]
  ...
  [190 190 190]
  [190 190 190]
  [190 190 190]]

 [[190 190 190]
  [190 190 190]
  [190 190 190]
  ...
  [190 190 190]
  [190 190 190]
  [190 190 190]]]"	"[[0 0 0 ... 0 0 0]
 [0 0 0 ... 0 0 0]
 [0 0 0 ... 0 0 0]
 ...
 [0 0 0 ... 0 0 0]
 [0 0 0 ... 0 0 0]
 [0 0 0 ... 0 0 0]]"
49	"[[[190 190 190]
  [190 190 190]
  [190 190 190]
  ...
  [190 190 190]
  [190 190 190]
  [190 190 190]]

 [[190 190 190]
  [190 190 190]
  [190 190 190]
  ...
  [190 190 190]
  [190 190 190]
  [190 190 190]]

 [[190 190 190]
  [190 190 190]
  [190 190 190]
  ...
  [190 190 190]
  [190 190 190]
  [190 190 190]]

 ...

 [[190 190 190]
  [190 190 190]
  [190 190 190]
  ...
  [190 190 190]
  [190 190 190]
  [190 190 190]]

 [[190 190 190]
  [190 190 190]
  [190 190 190]
  ...
  [190 190 190]
  [190 190 190]
  [190 190 190]]

 [[190 190 190]
  [190 190 190]
  [190 190 190]
  ...
  [190 190 190]
  [190 190 190]
  [190 190 190]]]"	"[[0 0 0 ... 0 0 0]
 [0 0 0 ... 0 0 0]
 [0 0 0 ... 0 0 0]
 ...
 [0 0 0 ... 0 0 0]
 [0 0 0 ... 0 0 0]
 [0 0 0 ... 0 0 0]]"
50	"[[[190 190 190]
  [190 190 190]
  [190 190 190]
  ...
  [190 190 190]
  [190 190 190]
  [190 190 190]]

 [[190 190 190]
  [190 190 190]
  [190 190 190]
  ...
  [190 190 190]
  [190 190 190]
  [190 190 190]]

 [[190 190 190]
  [190 190 190]
  [190 190 190]
  ...
  [190 190 190]
  [190 190 190]
  [190 190 190]]

 ...

 [[190 190 190]
  [190 190 190]
  [190 190 190]
  ...
  [190 190 190]
  [190 190 190]
  [190 190 190]]

 [[190 190 190]
  [190 190 190]
  [190 190 190]
  ...
  [190 190 190]
  [190 190 190]
  [190 190 190]]

 [[190 190 190]
  [190 190 190]
  [190 190 190]
  ...
  [190 190 190]
  [190 190 190]
  [190 190 190]]]"	"[[0 0 0 ... 0 0 0]
 [0 0 0 ... 0 0 0]
 [0 0 0 ... 0 0 0]
 ...
 [0 0 0 ... 0 0 0]
 [0 0 0 ... 0 0 0]
 [0 0 0 ... 0 0 0]]"
51	"[[[190 190 190]
  [190 190 190]
  [190 190 190]
  ...
  [190 190 190]
  [190 190 190]
  [190 190 190]]

 [[190 190 190]
  [190 190 190]
  [190 190 190]
  ...
  [190 190 190]
  [190 190 190]
  [190 190 190]]

 [[190 190 190]
  [190 190 190]
  [190 190 190]
  ...
  [190 190 190]
  [190 190 190]
  [190 190 190]]

 ...

 [[190 190 190]
  [190 190 190]
  [190 190 190]
  ...
  [190 190 190]
  [190 190 190]
  [190 190 190]]

 [[190 190 190]
  [190 190 190]
  [190 190 190]
  ...
  [190 190 190]
  [190 190 190]
  [190 190 190]]

 [[190 190 190]
  [190 190 190]
  [190 190 190]
  ...
  [190 190 190]
  [190 190 190]
  [190 190 190]]]"	"[[0 0 0 ... 0 0 0]
 [0 0 0 ... 0 0 0]
 [0 0 0 ... 0 0 0]
 ...
 [0 0 0 ... 0 0 0]
 [0 0 0 ... 0 0 0]
 [0 0 0 ... 0 0 0]]"
52	"[[[190 190 190]
  [190 190 190]
  [190 190 190]
  ...
  [190 190 190]
  [190 190 190]
  [190 190 190]]

 [[190 190 190]
  [190 190 190]
  [190 190 190]
  ...
  [190 190 190]
  [190 190 190]
  [190 190 190]]

 [[190 190 190]
  [190 190 190]
  [190 190 190]
  ...
  [190 190 190]
  [190 190 190]
  [190 190 190]]

 ...

 [[190 190 190]
  [190 190 190]
  [190 190 190]
  ...
  [190 190 190]
  [190 190 190]
  [190 190 190]]

 [[190 190 190]
  [190 190 190]
  [190 190 190]
  ...
  [190 190 190]
  [190 190 190]
  [190 190 190]]

 [[190 190 190]
  [190 190 190]
  [190 190 190]
  ...
  [190 190 190]
  [190 190 190]
  [190 190 190]]]"	"[[0 0 0 ... 0 0 0]
 [0 0 0 ... 0 0 0]
 [0 0 0 ... 0 0 0]
 ...
 [0 0 0 ... 0 0 0]
 [0 0 0 ... 0 0 0]
 [0 0 0 ... 0 0 0]]"
53	"[[[190 190 190]
  [190 190 190]
  [190 190 190]
  ...
  [190 190 190]
  [190 190 190]
  [190 190 190]]

 [[190 190 190]
  [190 190 190]
  [190 190 190]
  ...
  [190 190 190]
  [190 190 190]
  [190 190 190]]

 [[190 190 190]
  [190 190 190]
  [190 190 190]
  ...
  [190 190 190]
  [190 190 190]
  [190 190 190]]

 ...

 [[190 190 190]
  [190 190 190]
  [190 190 190]
  ...
  [190 190 190]
  [190 190 190]
  [190 190 190]]

 [[190 190 190]
  [190 190 190]
  [190 190 190]
  ...
  [190 190 190]
  [190 190 190]
  [190 190 190]]

 [[190 190 190]
  [190 190 190]
  [190 190 190]
  ...
  [190 190 190]
  [190 190 190]
  [190 190 190]]]"	"[[0 0 0 ... 0 0 0]
 [0 0 0 ... 0 0 0]
 [0 0 0 ... 0 0 0]
 ...
 [0 0 0 ... 0 0 0]
 [0 0 0 ... 0 0 0]
 [0 0 0 ... 0 0 0]]"
54	"[[[190 190 190]
  [190 190 190]
  [190 190 190]
  ...
  [190 190 190]
  [190 190 190]
  [190 190 190]]

 [[190 190 190]
  [190 190 190]
  [190 190 190]
  ...
  [190 190 190]
  [190 190 190]
  [190 190 190]]

 [[190 190 190]
  [190 190 190]
  [190 190 190]
  ...
  [190 190 190]
  [190 190 190]
  [190 190 190]]

 ...

 [[190 190 190]
  [190 190 190]
  [190 190 190]
  ...
  [190 190 190]
  [190 190 190]
  [190 190 190]]

 [[190 190 190]
  [190 190 190]
  [190 190 190]
  ...
  [190 190 190]
  [190 190 190]
  [190 190 190]]

 [[190 190 190]
  [190 190 190]
  [190 190 190]
  ...
  [190 190 190]
  [190 190 190]
  [190 190 190]]]"	"[[0 0 0 ... 0 0 0]
 [0 0 0 ... 0 0 0]
 [0 0 0 ... 0 0 0]
 ...
 [0 0 0 ... 0 0 0]
 [0 0 0 ... 0 0 0]
 [0 0 0 ... 0 0 0]]"
55	"[[[190 190 190]
  [190 190 190]
  [190 190 190]
  ...
  [190 190 190]
  [190 190 190]
  [190 190 190]]

 [[190 190 190]
  [190 190 190]
  [190 190 190]
  ...
  [190 190 190]
  [190 190 190]
  [190 190 190]]

 [[190 190 190]
  [190 190 190]
  [190 190 190]
  ...
  [190 190 190]
  [190 190 190]
  [190 190 190]]

 ...

 [[190 190 190]
  [190 190 190]
  [190 190 190]
  ...
  [190 190 190]
  [190 190 190]
  [190 190 190]]

 [[190 190 190]
  [190 190 190]
  [190 190 190]
  ...
  [190 190 190]
  [190 190 190]
  [190 190 190]]

 [[190 190 190]
  [190 190 190]
  [190 190 190]
  ...
  [190 190 190]
  [190 190 190]
  [190 190 190]]]"	"[[0 0 0 ... 0 0 0]
 [0 0 0 ... 0 0 0]
 [0 0 0 ... 0 0 0]
 ...
 [0 0 0 ... 0 0 0]
 [0 0 0 ... 0 0 0]
 [0 0 0 ... 0 0 0]]"
56	"[[[190 190 190]
  [190 190 190]
  [190 190 190]
  ...
  [190 190 190]
  [190 190 190]
  [190 190 190]]

 [[190 190 190]
  [190 190 190]
  [190 190 190]
  ...
  [190 190 190]
  [190 190 190]
  [190 190 190]]

 [[190 190 190]
  [190 190 190]
  [190 190 190]
  ...
  [190 190 190]
  [190 190 190]
  [190 190 190]]

 ...

 [[190 190 190]
  [190 190 190]
  [190 190 190]
  ...
  [190 190 190]
  [190 190 190]
  [190 190 190]]

 [[190 190 190]
  [190 190 190]
  [190 190 190]
  ...
  [190 190 190]
  [190 190 190]
  [190 190 190]]

 [[190 190 190]
  [190 190 190]
  [190 190 190]
  ...
  [190 190 190]
  [190 190 190]
  [190 190 190]]]"	"[[0 0 0 ... 0 0 0]
 [0 0 0 ... 0 0 0]
 [0 0 0 ... 0 0 0]
 ...
 [0 0 0 ... 0 0 0]
 [0 0 0 ... 0 0 0]
 [0 0 0 ... 0 0 0]]"
57	"[[[190 190 190]
  [190 190 190]
  [190 190 190]
  ...
  [190 190 190]
  [190 190 190]
  [190 190 190]]

 [[190 190 190]
  [190 190 190]
  [190 190 190]
  ...
  [190 190 190]
  [190 190 190]
  [190 190 190]]

 [[190 190 190]
  [190 190 190]
  [190 190 190]
  ...
  [190 190 190]
  [190 190 190]
  [190 190 190]]

 ...

 [[190 190 190]
  [190 190 190]
  [190 190 190]
  ...
  [190 190 190]
  [190 190 190]
  [190 190 190]]

 [[190 190 190]
  [190 190 190]
  [190 190 190]
  ...
  [190 190 190]
  [190 190 190]
  [190 190 190]]

 [[190 190 190]
  [190 190 190]
  [190 190 190]
  ...
  [190 190 190]
  [190 190 190]
  [190 190 190]]]"	"[[0 0 0 ... 0 0 0]
 [0 0 0 ... 0 0 0]
 [0 0 0 ... 0 0 0]
 ...
 [0 0 0 ... 0 0 0]
 [0 0 0 ... 0 0 0]
 [0 0 0 ... 0 0 0]]"
58	"[[[190 190 190]
  [190 190 190]
  [190 190 190]
  ...
  [190 190 190]
  [190 190 190]
  [190 190 190]]

 [[190 190 190]
  [190 190 190]
  [190 190 190]
  ...
  [190 190 190]
  [190 190 190]
  [190 190 190]]

 [[190 190 190]
  [190 190 190]
  [190 190 190]
  ...
  [190 190 190]
  [190 190 190]
  [190 190 190]]

 ...

 [[190 190 190]
  [190 190 190]
  [190 190 190]
  ...
  [190 190 190]
  [190 190 190]
  [190 190 190]]

 [[190 190 190]
  [190 190 190]
  [190 190 190]
  ...
  [190 190 190]
  [190 190 190]
  [190 190 190]]

 [[190 190 190]
  [190 190 190]
  [190 190 190]
  ...
  [190 190 190]
  [190 190 190]
  [190 190 190]]]"	"[[0 0 0 ... 0 0 0]
 [0 0 0 ... 0 0 0]
 [0 0 0 ... 0 0 0]
 ...
 [0 0 0 ... 0 0 0]
 [0 0 0 ... 0 0 0]
 [0 0 0 ... 0 0 0]]"
59	"[[[190 190 190]
  [190 190 190]
  [190 190 190]
  ...
  [190 190 190]
  [190 190 190]
  [190 190 190]]

 [[190 190 190]
  [190 190 190]
  [190 190 190]
  ...
  [190 190 190]
  [190 190 190]
  [190 190 190]]

 [[190 190 190]
  [190 190 190]
  [190 190 190]
  ...
  [190 190 190]
  [190 190 190]
  [190 190 190]]

 ...

 [[190 190 190]
  [190 190 190]
  [190 190 190]
  ...
  [190 190 190]
  [190 190 190]
  [190 190 190]]

 [[190 190 190]
  [190 190 190]
  [190 190 190]
  ...
  [190 190 190]
  [190 190 190]
  [190 190 190]]

 [[190 190 190]
  [190 190 190]
  [190 190 190]
  ...
  [190 190 190]
  [190 190 190]
  [190 190 190]]]"	"[[0 0 0 ... 0 0 0]
 [0 0 0 ... 0 0 0]
 [0 0 0 ... 0 0 0]
 ...
 [0 0 0 ... 0 0 0]
 [0 0 0 ... 0 0 0]
 [0 0 0 ... 0 0 0]]"
60	"[[[190 190 190]
  [190 190 190]
  [190 190 190]
  ...
  [190 190 190]
  [190 190 190]
  [190 190 190]]

 [[190 190 190]
  [190 190 190]
  [190 190 190]
  ...
  [190 190 190]
  [190 190 190]
  [190 190 190]]

 [[190 190 190]
  [190 190 190]
  [190 190 190]
  ...
  [190 190 190]
  [190 190 190]
  [190 190 190]]

 ...

 [[190 190 190]
  [190 190 190]
  [190 190 190]
  ...
  [190 190 190]
  [190 190 190]
  [190 190 190]]

 [[190 190 190]
  [190 190 190]
  [190 190 190]
  ...
  [190 190 190]
  [190 190 190]
  [190 190 190]]

 [[190 190 190]
  [190 190 190]
  [190 190 190]
  ...
  [190 190 190]
  [190 190 190]
  [190 190 190]]]"	"[[0 0 0 ... 0 0 0]
 [0 0 0 ... 0 0 0]
 [0 0 0 ... 0 0 0]
 ...
 [0 0 0 ... 0 0 0]
 [0 0 0 ... 0 0 0]
 [0 0 0 ... 0 0 0]]"
61	"[[[190 190 190]
  [190 190 190]
  [190 190 190]
  ...
  [190 190 190]
  [190 190 190]
  [190 190 190]]

 [[190 190 190]
  [190 190 190]
  [190 190 190]
  ...
  [190 190 190]
  [190 190 190]
  [190 190 190]]

 [[190 190 190]
  [190 190 190]
  [190 190 190]
  ...
  [190 190 190]
  [190 190 190]
  [190 190 190]]

 ...

 [[190 190 190]
  [190 190 190]
  [190 190 190]
  ...
  [190 190 190]
  [190 190 190]
  [190 190 190]]

 [[190 190 190]
  [190 190 190]
  [190 190 190]
  ...
  [190 190 190]
  [190 190 190]
  [190 190 190]]

 [[190 190 190]
  [190 190 190]
  [190 190 190]
  ...
  [190 190 190]
  [190 190 190]
  [190 190 190]]]"	"[[0 0 0 ... 0 0 0]
 [0 0 0 ... 0 0 0]
 [0 0 0 ... 0 0 0]
 ...
 [0 0 0 ... 0 0 0]
 [0 0 0 ... 0 0 0]
 [0 0 0 ... 0 0 0]]"
62	"[[[190 190 190]
  [190 190 190]
  [190 190 190]
  ...
  [190 190 190]
  [190 190 190]
  [190 190 190]]

 [[190 190 190]
  [190 190 190]
  [190 190 190]
  ...
  [190 190 190]
  [190 190 190]
  [190 190 190]]

 [[190 190 190]
  [190 190 190]
  [190 190 190]
  ...
  [190 190 190]
  [190 190 190]
  [190 190 190]]

 ...

 [[190 190 190]
  [190 190 190]
  [190 190 190]
  ...
  [190 190 190]
  [190 190 190]
  [190 190 190]]

 [[190 190 190]
  [190 190 190]
  [190 190 190]
  ...
  [190 190 190]
  [190 190 190]
  [190 190 190]]

 [[190 190 190]
  [190 190 190]
  [190 190 190]
  ...
  [190 190 190]
  [190 190 190]
  [190 190 190]]]"	"[[0 0 0 ... 0 0 0]
 [0 0 0 ... 0 0 0]
 [0 0 0 ... 0 0 0]
 ...
 [0 0 0 ... 0 0 0]
 [0 0 0 ... 0 0 0]
 [0 0 0 ... 0 0 0]]"
63	"[[[190 190 190]
  [190 190 190]
  [190 190 190]
  ...
  [190 190 190]
  [190 190 190]
  [190 190 190]]

 [[190 190 190]
  [190 190 190]
  [190 190 190]
  ...
  [190 190 190]
  [190 190 190]
  [190 190 190]]

 [[190 190 190]
  [190 190 190]
  [190 190 190]
  ...
  [190 190 190]
  [190 190 190]
  [190 190 190]]

 ...

 [[190 190 190]
  [190 190 190]
  [190 190 190]
  ...
  [190 190 190]
  [190 190 190]
  [190 190 190]]

 [[190 190 190]
  [190 190 190]
  [190 190 190]
  ...
  [190 190 190]
  [190 190 190]
  [190 190 190]]

 [[190 190 190]
  [190 190 190]
  [190 190 190]
  ...
  [190 190 190]
  [190 190 190]
  [190 190 190]]]"	"[[0 0 0 ... 0 0 0]
 [0 0 0 ... 0 0 0]
 [0 0 0 ... 0 0 0]
 ...
 [0 0 0 ... 0 0 0]
 [0 0 0 ... 0 0 0]
 [0 0 0 ... 0 0 0]]"
64	"[[[190 190 190]
  [190 190 190]
  [190 190 190]
  ...
  [190 190 190]
  [190 190 190]
  [190 190 190]]

 [[190 190 190]
  [190 190 190]
  [190 190 190]
  ...
  [190 190 190]
  [190 190 190]
  [190 190 190]]

 [[190 190 190]
  [190 190 190]
  [190 190 190]
  ...
  [190 190 190]
  [190 190 190]
  [190 190 190]]

 ...

 [[190 190 190]
  [190 190 190]
  [190 190 190]
  ...
  [190 190 190]
  [190 190 190]
  [190 190 190]]

 [[190 190 190]
  [190 190 190]
  [190 190 190]
  ...
  [190 190 190]
  [190 190 190]
  [190 190 190]]

 [[190 190 190]
  [190 190 190]
  [190 190 190]
  ...
  [190 190 190]
  [190 190 190]
  [190 190 190]]]"	"[[0 0 0 ... 0 0 0]
 [0 0 0 ... 0 0 0]
 [0 0 0 ... 0 0 0]
 ...
 [0 0 0 ... 0 0 0]
 [0 0 0 ... 0 0 0]
 [0 0 0 ... 0 0 0]]"
65	"[[[190 190 190]
  [190 190 190]
  [190 190 190]
  ...
  [190 190 190]
  [190 190 190]
  [190 190 190]]

 [[190 190 190]
  [190 190 190]
  [190 190 190]
  ...
  [190 190 190]
  [190 190 190]
  [190 190 190]]

 [[190 190 190]
  [190 190 190]
  [190 190 190]
  ...
  [190 190 190]
  [190 190 190]
  [190 190 190]]

 ...

 [[190 190 190]
  [190 190 190]
  [190 190 190]
  ...
  [190 190 190]
  [190 190 190]
  [190 190 190]]

 [[190 190 190]
  [190 190 190]
  [190 190 190]
  ...
  [190 190 190]
  [190 190 190]
  [190 190 190]]

 [[190 190 190]
  [190 190 190]
  [190 190 190]
  ...
  [190 190 190]
  [190 190 190]
  [190 190 190]]]"	"[[0 0 0 ... 0 0 0]
 [0 0 0 ... 0 0 0]
 [0 0 0 ... 0 0 0]
 ...
 [0 0 0 ... 0 0 0]
 [0 0 0 ... 0 0 0]
 [0 0 0 ... 0 0 0]]"
66	"[[[190 190 190]
  [190 190 190]
  [190 190 190]
  ...
  [190 190 190]
  [190 190 190]
  [190 190 190]]

 [[190 190 190]
  [190 190 190]
  [190 190 190]
  ...
  [190 190 190]
  [190 190 190]
  [190 190 190]]

 [[190 190 190]
  [190 190 190]
  [190 190 190]
  ...
  [190 190 190]
  [190 190 190]
  [190 190 190]]

 ...

 [[190 190 190]
  [190 190 190]
  [190 190 190]
  ...
  [190 190 190]
  [190 190 190]
  [190 190 190]]

 [[190 190 190]
  [190 190 190]
  [190 190 190]
  ...
  [190 190 190]
  [190 190 190]
  [190 190 190]]

 [[190 190 190]
  [190 190 190]
  [190 190 190]
  ...
  [190 190 190]
  [190 190 190]
  [190 190 190]]]"	"[[0 0 0 ... 0 0 0]
 [0 0 0 ... 0 0 0]
 [0 0 0 ... 0 0 0]
 ...
 [0 0 0 ... 0 0 0]
 [0 0 0 ... 0 0 0]
 [0 0 0 ... 0 0 0]]"
67	"[[[190 190 190]
  [190 190 190]
  [190 190 190]
  ...
  [190 190 190]
  [190 190 190]
  [190 190 190]]

 [[190 190 190]
  [190 190 190]
  [190 190 190]
  ...
  [190 190 190]
  [190 190 190]
  [190 190 190]]

 [[190 190 190]
  [190 190 190]
  [190 190 190]
  ...
  [190 190 190]
  [190 190 190]
  [190 190 190]]

 ...

 [[190 190 190]
  [190 190 190]
  [190 190 190]
  ...
  [190 190 190]
  [190 190 190]
  [190 190 190]]

 [[190 190 190]
  [190 190 190]
  [190 190 190]
  ...
  [190 190 190]
  [190 190 190]
  [190 190 190]]

 [[190 190 190]
  [190 190 190]
  [190 190 190]
  ...
  [190 190 190]
  [190 190 190]
  [190 190 190]]]"	"[[0 0 0 ... 0 0 0]
 [0 0 0 ... 0 0 0]
 [0 0 0 ... 0 0 0]
 ...
 [0 0 0 ... 0 0 0]
 [0 0 0 ... 0 0 0]
 [0 0 0 ... 0 0 0]]"
68	"[[[190 190 190]
  [190 190 190]
  [190 190 190]
  ...
  [190 190 190]
  [190 190 190]
  [190 190 190]]

 [[190 190 190]
  [190 190 190]
  [190 190 190]
  ...
  [190 190 190]
  [190 190 190]
  [190 190 190]]

 [[190 190 190]
  [190 190 190]
  [190 190 190]
  ...
  [190 190 190]
  [190 190 190]
  [190 190 190]]

 ...

 [[190 190 190]
  [190 190 190]
  [190 190 190]
  ...
  [190 190 190]
  [190 190 190]
  [190 190 190]]

 [[190 190 190]
  [190 190 190]
  [190 190 190]
  ...
  [190 190 190]
  [190 190 190]
  [190 190 190]]

 [[190 190 190]
  [190 190 190]
  [190 190 190]
  ...
  [190 190 190]
  [190 190 190]
  [190 190 190]]]"	"[[0 0 0 ... 0 0 0]
 [0 0 0 ... 0 0 0]
 [0 0 0 ... 0 0 0]
 ...
 [0 0 0 ... 0 0 0]
 [0 0 0 ... 0 0 0]
 [0 0 0 ... 0 0 0]]"
69	"[[[190 190 190]
  [190 190 190]
  [190 190 190]
  ...
  [190 190 190]
  [190 190 190]
  [190 190 190]]

 [[190 190 190]
  [190 190 190]
  [190 190 190]
  ...
  [190 190 190]
  [190 190 190]
  [190 190 190]]

 [[190 190 190]
  [190 190 190]
  [190 190 190]
  ...
  [190 190 190]
  [190 190 190]
  [190 190 190]]

 ...

 [[190 190 190]
  [190 190 190]
  [190 190 190]
  ...
  [190 190 190]
  [190 190 190]
  [190 190 190]]

 [[190 190 190]
  [190 190 190]
  [190 190 190]
  ...
  [190 190 190]
  [190 190 190]
  [190 190 190]]

 [[190 190 190]
  [190 190 190]
  [190 190 190]
  ...
  [190 190 190]
  [190 190 190]
  [190 190 190]]]"	"[[0 0 0 ... 0 0 0]
 [0 0 0 ... 0 0 0]
 [0 0 0 ... 0 0 0]
 ...
 [0 0 0 ... 0 0 0]
 [0 0 0 ... 0 0 0]
 [0 0 0 ... 0 0 0]]"
70	"[[[190 190 190]
  [190 190 190]
  [190 190 190]
  ...
  [190 190 190]
  [190 190 190]
  [190 190 190]]

 [[190 190 190]
  [190 190 190]
  [190 190 190]
  ...
  [190 190 190]
  [190 190 190]
  [190 190 190]]

 [[190 190 190]
  [190 190 190]
  [190 190 190]
  ...
  [190 190 190]
  [190 190 190]
  [190 190 190]]

 ...

 [[190 190 190]
  [190 190 190]
  [190 190 190]
  ...
  [190 190 190]
  [190 190 190]
  [190 190 190]]

 [[190 190 190]
  [190 190 190]
  [190 190 190]
  ...
  [190 190 190]
  [190 190 190]
  [190 190 190]]

 [[190 190 190]
  [190 190 190]
  [190 190 190]
  ...
  [190 190 190]
  [190 190 190]
  [190 190 190]]]"	"[[0 0 0 ... 0 0 0]
 [0 0 0 ... 0 0 0]
 [0 0 0 ... 0 0 0]
 ...
 [0 0 0 ... 0 0 0]
 [0 0 0 ... 0 0 0]
 [0 0 0 ... 0 0 0]]"
71	"[[[190 190 190]
  [190 190 190]
  [190 190 190]
  ...
  [190 190 190]
  [190 190 190]
  [190 190 190]]

 [[190 190 190]
  [190 190 190]
  [190 190 190]
  ...
  [190 190 190]
  [190 190 190]
  [190 190 190]]

 [[190 190 190]
  [190 190 190]
  [190 190 190]
  ...
  [190 190 190]
  [190 190 190]
  [190 190 190]]

 ...

 [[190 190 190]
  [190 190 190]
  [190 190 190]
  ...
  [190 190 190]
  [190 190 190]
  [190 190 190]]

 [[190 190 190]
  [190 190 190]
  [190 190 190]
  ...
  [190 190 190]
  [190 190 190]
  [190 190 190]]

 [[190 190 190]
  [190 190 190]
  [190 190 190]
  ...
  [190 190 190]
  [190 190 190]
  [190 190 190]]]"	"[[0 0 0 ... 0 0 0]
 [0 0 0 ... 0 0 0]
 [0 0 0 ... 0 0 0]
 ...
 [0 0 0 ... 0 0 0]
 [0 0 0 ... 0 0 0]
 [0 0 0 ... 0 0 0]]"
72	"[[[190 190 190]
  [190 190 190]
  [190 190 190]
  ...
  [190 190 190]
  [190 190 190]
  [190 190 190]]

 [[190 190 190]
  [190 190 190]
  [190 190 190]
  ...
  [190 190 190]
  [190 190 190]
  [190 190 190]]

 [[190 190 190]
  [190 190 190]
  [190 190 190]
  ...
  [190 190 190]
  [190 190 190]
  [190 190 190]]

 ...

 [[190 190 190]
  [190 190 190]
  [190 190 190]
  ...
  [190 190 190]
  [190 190 190]
  [190 190 190]]

 [[190 190 190]
  [190 190 190]
  [190 190 190]
  ...
  [190 190 190]
  [190 190 190]
  [190 190 190]]

 [[190 190 190]
  [190 190 190]
  [190 190 190]
  ...
  [190 190 190]
  [190 190 190]
  [190 190 190]]]"	"[[0 0 0 ... 0 0 0]
 [0 0 0 ... 0 0 0]
 [0 0 0 ... 0 0 0]
 ...
 [0 0 0 ... 0 0 0]
 [0 0 0 ... 0 0 0]
 [0 0 0 ... 0 0 0]]"
73	"[[[190 190 190]
  [190 190 190]
  [190 190 190]
  ...
  [190 190 190]
  [190 190 190]
  [190 190 190]]

 [[190 190 190]
  [190 190 190]
  [190 190 190]
  ...
  [190 190 190]
  [190 190 190]
  [190 190 190]]

 [[190 190 190]
  [190 190 190]
  [190 190 190]
  ...
  [190 190 190]
  [190 190 190]
  [190 190 190]]

 ...

 [[190 190 190]
  [190 190 190]
  [190 190 190]
  ...
  [190 190 190]
  [190 190 190]
  [190 190 190]]

 [[190 190 190]
  [190 190 190]
  [190 190 190]
  ...
  [190 190 190]
  [190 190 190]
  [190 190 190]]

 [[190 190 190]
  [190 190 190]
  [190 190 190]
  ...
  [190 190 190]
  [190 190 190]
  [190 190 190]]]"	"[[0 0 0 ... 0 0 0]
 [0 0 0 ... 0 0 0]
 [0 0 0 ... 0 0 0]
 ...
 [0 0 0 ... 0 0 0]
 [0 0 0 ... 0 0 0]
 [0 0 0 ... 0 0 0]]"
74	"[[[190 190 190]
  [190 190 190]
  [190 190 190]
  ...
  [190 190 190]
  [190 190 190]
  [190 190 190]]

 [[190 190 190]
  [190 190 190]
  [190 190 190]
  ...
  [190 190 190]
  [190 190 190]
  [190 190 190]]

 [[190 190 190]
  [190 190 190]
  [190 190 190]
  ...
  [190 190 190]
  [190 190 190]
  [190 190 190]]

 ...

 [[190 190 190]
  [190 190 190]
  [190 190 190]
  ...
  [190 190 190]
  [190 190 190]
  [190 190 190]]

 [[190 190 190]
  [190 190 190]
  [190 190 190]
  ...
  [190 190 190]
  [190 190 190]
  [190 190 190]]

 [[190 190 190]
  [190 190 190]
  [190 190 190]
  ...
  [190 190 190]
  [190 190 190]
  [190 190 190]]]"	"[[0 0 0 ... 0 0 0]
 [0 0 0 ... 0 0 0]
 [0 0 0 ... 0 0 0]
 ...
 [0 0 0 ... 0 0 0]
 [0 0 0 ... 0 0 0]
 [0 0 0 ... 0 0 0]]"
